{
  "depression": {
    "fe_trends": {
      "n": 4891,
      "proxy_beta": 1.0263387279493553e-05,
      "proxy_se": 8.655620133090477e-06,
      "proxy_t": 1.1857483486661544,
      "proxy_p": 0.23572169478168148,
      "gdp_beta": -1.100774192833919e-05,
      "gdp_se": 1.4228092952268385e-06,
      "gdp_t": -7.736624975158196,
      "gdp_p": 1.020906269243888e-14
    },
    "driscoll_kraay": {
      "n": 4891,
      "proxy_beta": 0.00010328549711481837,
      "proxy_se": 3.905184167213083e-05,
      "proxy_t": 2.6448303765537284,
      "proxy_p": 0.012714452355371275,
      "gdp_beta": -4.640925314581951e-06,
      "gdp_se": 2.4553434724404416e-06,
      "gdp_t": -1.89013283341951,
      "gdp_p": 0.06812171137008649
    },
    "fd_iv": {
      "n": 4559,
      "d_dep_lag1_beta": 1.5532010465525723,
      "d_dep_lag1_se": 0.12341258783084007,
      "d_dep_lag1_t": 12.585434548066713,
      "d_dep_lag1_p": 2.5394149732975226e-36,
      "d_proxy_beta": -1.2624994925129157e-05,
      "d_proxy_se": 1.529642372145735e-05,
      "d_proxy_t": -0.8253559887609027,
      "d_proxy_p": 0.4091695137689838,
      "d_gdp_beta": -3.652344119633311e-05,
      "d_gdp_se": 3.5101961896445886e-06,
      "d_gdp_t": -10.404957222642063,
      "d_gdp_p": 2.35361780037318e-25
    }
  },
  "suicide": {
    "fe_trends": {
      "n": 940,
      "proxy_beta": -0.00012899979588887735,
      "proxy_se": 0.00017698658253478483,
      "proxy_t": -0.7288676578831834,
      "proxy_p": 0.46608262017828395,
      "gdp_beta": -5.364801728335113e-05,
      "gdp_se": 1.876712305985462e-05,
      "gdp_t": -2.8586170140329816,
      "gdp_p": 0.004254921482223284
    },
    "driscoll_kraay": {
      "n": 940,
      "proxy_beta": -0.0006784407132793577,
      "proxy_se": 8.945180876546048e-05,
      "proxy_t": -7.5844269964199995,
      "proxy_p": 3.6671475878158333e-07,
      "gdp_beta": -0.0001105132500462879,
      "gdp_se": 3.0355545324516487e-05,
      "gdp_t": -3.640628058723508,
      "gdp_p": 0.0017398747549930427
    },
    "fd_iv": {
      "n": 587,
      "d_suicide_lag1_beta": 0.6427487168810334,
      "d_suicide_lag1_se": 0.19097653306033555,
      "d_suicide_lag1_t": 3.365590036541132,
      "d_suicide_lag1_p": 0.0007638013530641341,
      "d_proxy_beta": -0.00024300915064300003,
      "d_proxy_se": 0.00022144429820563616,
      "d_proxy_t": -1.0973827396419955,
      "d_proxy_p": 0.2724741154267555,
      "d_gdp_beta": -5.5585264183565876e-05,
      "d_gdp_se": 2.4864971645750354e-05,
      "d_gdp_t": -2.2354847202516677,
      "d_gdp_p": 0.025385543652586665
    }
  }
}