{
  "survey_design": {
    "n_psu": 2,
    "n_strata": 15,
    "weight_range": [
      4579.6,
      419762.8
    ],
    "weight_variable": "WTMEC2YR",
    "analytic_n": 4825
  },
  "model_basic": {
    "variables": [
      "exercise",
      "age",
      "female"
    ],
    "n": 4825,
    "unweighted": {
      "const": {
        "beta": 3.932571,
        "se": 0.21636,
        "t": 18.1761,
        "p": 7.985139462590977e-74,
        "ci": [
          3.508514,
          4.356629
        ]
      },
      "exercise": {
        "beta": -1.2326,
        "se": 0.12177,
        "t": -10.1223,
        "p": 4.397472346709587e-24,
        "ci": [
          -1.471265,
          -0.993935
        ]
      },
      "age": {
        "beta": -0.01047,
        "se": 0.003352,
        "t": -3.123,
        "p": 0.0017902950731251818,
        "ci": [
          -0.01704,
          -0.003899
        ]
      },
      "female": {
        "beta": 0.821837,
        "se": 0.120541,
        "t": 6.8179,
        "p": 9.238052745874575e-12,
        "ci": [
          0.585581,
          1.058093
        ]
      }
    },
    "weighted": {
      "const": {
        "beta": 4.107811,
        "se": 0.265528,
        "t": 15.4704,
        "p": 5.500310882686265e-54,
        "ci": [
          3.587386,
          4.628236
        ]
      },
      "exercise": {
        "beta": -1.215931,
        "se": 0.160377,
        "t": -7.5817,
        "p": 3.4106046753416386e-14,
        "ci": [
          -1.530264,
          -0.901598
        ]
      },
      "age": {
        "beta": -0.014804,
        "se": 0.004331,
        "t": -3.418,
        "p": 0.0006309028940779412,
        "ci": [
          -0.023293,
          -0.006315
        ]
      },
      "female": {
        "beta": 0.818921,
        "se": 0.157968,
        "t": 5.1841,
        "p": 2.170699830147345e-07,
        "ci": [
          0.509309,
          1.128533
        ]
      }
    }
  },
  "model_full": {
    "variables": [
      "exercise",
      "age",
      "female",
      "education",
      "poverty_ratio",
      "has_insurance",
      "bmi"
    ],
    "n": 4181,
    "unweighted": {
      "const": {
        "beta": 3.844629,
        "se": 0.41826,
        "t": 9.192,
        "p": 3.857150643526916e-20,
        "ci": [
          3.024855,
          4.664403
        ]
      },
      "exercise": {
        "beta": -0.856475,
        "se": 0.134413,
        "t": -6.372,
        "p": 1.8658866528939498e-10,
        "ci": [
          -1.119919,
          -0.593032
        ]
      },
      "age": {
        "beta": -0.008444,
        "se": 0.003615,
        "t": -2.3355,
        "p": 0.019516251413425584,
        "ci": [
          -0.01553,
          -0.001358
        ]
      },
      "female": {
        "beta": 0.867523,
        "se": 0.126192,
        "t": 6.8746,
        "p": 6.216154692677294e-12,
        "ci": [
          0.62019,
          1.114855
        ]
      },
      "education": {
        "beta": -0.140787,
        "se": 0.066596,
        "t": -2.114,
        "p": 0.03451182277646253,
        "ci": [
          -0.271313,
          -0.010261
        ]
      },
      "poverty_ratio": {
        "beta": -0.372344,
        "se": 0.044282,
        "t": -8.4084,
        "p": 4.1564297472725055e-17,
        "ci": [
          -0.459135,
          -0.285552
        ]
      },
      "has_insurance": {
        "beta": 0.115874,
        "se": 0.201248,
        "t": 0.5758,
        "p": 0.564764367929292,
        "ci": [
          -0.278564,
          0.510313
        ]
      },
      "bmi": {
        "beta": 0.037399,
        "se": 0.008763,
        "t": 4.2676,
        "p": 1.975596801533626e-05,
        "ci": [
          0.020223,
          0.054575
        ]
      }
    },
    "weighted": {
      "const": {
        "beta": 4.484124,
        "se": 0.54944,
        "t": 8.1613,
        "p": 3.3155691816416953e-16,
        "ci": [
          3.407241,
          5.561008
        ]
      },
      "exercise": {
        "beta": -0.875693,
        "se": 0.184849,
        "t": -4.7374,
        "p": 2.1652921074814227e-06,
        "ci": [
          -1.23799,
          -0.513396
        ]
      },
      "age": {
        "beta": -0.008276,
        "se": 0.004683,
        "t": -1.7673,
        "p": 0.07717498910728957,
        "ci": [
          -0.017454,
          0.000902
        ]
      },
      "female": {
        "beta": 0.886624,
        "se": 0.165932,
        "t": 5.3433,
        "p": 9.126600473906285e-08,
        "ci": [
          0.561404,
          1.211844
        ]
      },
      "education": {
        "beta": -0.124229,
        "se": 0.087905,
        "t": -1.4132,
        "p": 0.15759351239785913,
        "ci": [
          -0.29652,
          0.048062
        ]
      },
      "poverty_ratio": {
        "beta": -0.395982,
        "se": 0.059926,
        "t": -6.6079,
        "p": 3.897877172964749e-11,
        "ci": [
          -0.513434,
          -0.27853
        ]
      },
      "has_insurance": {
        "beta": 0.004705,
        "se": 0.263296,
        "t": 0.0179,
        "p": 0.9857413617204355,
        "ci": [
          -0.511344,
          0.520755
        ]
      },
      "bmi": {
        "beta": 0.02593,
        "se": 0.011466,
        "t": 2.2616,
        "p": 0.023725056090399602,
        "ci": [
          0.003458,
          0.048402
        ]
      }
    }
  },
  "subgroups_weighted": {
    "Young": {
      "n": 1405,
      "coefficients": {
        "const": {
          "beta": 4.604362,
          "se": 0.91462,
          "t": 5.0342,
          "p": 4.799027589479713e-07,
          "ci": [
            2.811739,
            6.396985
          ]
        },
        "exercise": {
          "beta": -0.839694,
          "se": 0.286022,
          "t": -2.9358,
          "p": 0.003327223658136346,
          "ci": [
            -1.400287,
            -0.279101
          ]
        },
        "age": {
          "beta": -0.03127,
          "se": 0.022306,
          "t": -1.4019,
          "p": 0.16094942376139942,
          "ci": [
            -0.074988,
            0.012448
          ]
        },
        "female": {
          "beta": 0.694668,
          "se": 0.258396,
          "t": 2.6884,
          "p": 0.007179968588145876,
          "ci": [
            0.18822,
            1.201116
          ]
        },
        "education": {
          "beta": 0.025727,
          "se": 0.164025,
          "t": 0.1568,
          "p": 0.8753658721563963,
          "ci": [
            -0.295757,
            0.347211
          ]
        },
        "poverty_ratio": {
          "beta": -0.338368,
          "se": 0.105573,
          "t": -3.2051,
          "p": 0.0013503167887581058,
          "ci": [
            -0.545287,
            -0.131449
          ]
        },
        "has_insurance": {
          "beta": -0.285078,
          "se": 0.353694,
          "t": -0.806,
          "p": 0.4202406511003388,
          "ci": [
            -0.978305,
            0.408148
          ]
        },
        "bmi": {
          "beta": 0.027873,
          "se": 0.015573,
          "t": 1.7898,
          "p": 0.07348499126014306,
          "ci": [
            -0.00265,
            0.058395
          ]
        }
      }
    },
    "Middle": {
      "n": 1433,
      "coefficients": {
        "const": {
          "beta": 5.494037,
          "se": 1.733632,
          "t": 3.1691,
          "p": 0.0015291698910014848,
          "ci": [
            2.09618,
            8.891895
          ]
        },
        "exercise": {
          "beta": -0.758684,
          "se": 0.334836,
          "t": -2.2658,
          "p": 0.023461355208323705,
          "ci": [
            -1.41495,
            -0.102417
          ]
        },
        "age": {
          "beta": -0.020991,
          "se": 0.02692,
          "t": -0.7797,
          "p": 0.4355398332898349,
          "ci": [
            -0.073753,
            0.031771
          ]
        },