{
  "analysis": "NHANES 2017-2018 Sleep Moderation of Exercise\u2192Depression",
  "reviewer_question": "Does sleep quality/duration moderate the exercise (AdProxy) effects?",
  "baseline_model": {
    "n": 4181,
    "exercise_beta": -0.875493,
    "exercise_p": 1.98e-06,
    "r_squared": 0.0732,
    "coefficients": {
      "const": {
        "beta": 4.485806,
        "se": 0.541153,
        "t": 8.2894,
        "p": 0.0,
        "ci_95": [
          3.425166,
          5.546446
        ]
      },
      "exercise": {
        "beta": -0.875493,
        "se": 0.184116,
        "t": -4.7551,
        "p": 1.98e-06,
        "ci_95": [
          -1.236354,
          -0.514633
        ]
      },
      "age": {
        "beta": -0.008259,
        "se": 0.004584,
        "t": -1.8017,
        "p": 0.0715948,
        "ci_95": [
          -0.017244,
          0.000726
        ]
      },
      "female": {
        "beta": 0.886932,
        "se": 0.165385,
        "t": 5.3628,
        "p": 8e-08,
        "ci_95": [
          0.562782,
          1.211081
        ]
      },
      "education": {
        "beta": -0.12409,
        "se": 0.088383,
        "t": -1.404,
        "p": 0.16032009,
        "ci_95": [
          -0.297318,
          0.049138
        ]
      },
      "poverty_ratio": {
        "beta": -0.395774,
        "se": 0.058373,
        "t": -6.7801,
        "p": 0.0,
        "ci_95": [
          -0.510183,
          -0.281366
        ]
      },
      "bmi": {
        "beta": 0.025936,
        "se": 0.011434,
        "t": 2.2684,
        "p": 0.02330685,
        "ci_95": [
          0.003526,
          0.048346
        ]
      }
    }
  },
  "sleep_hours_model": {
    "n": 4159,
    "exercise_beta": -1.337069,
    "exercise_p": 0.16222033,
    "sleep_hours_beta": -0.138421,
    "sleep_hours_p": 0.10677579,
    "interaction_beta": 0.066074,
    "interaction_p": 0.59167373,
    "r_squared": 0.0731,
    "coefficients": {
      "const": {
        "beta": 5.413033,
        "se": 0.786887,
        "t": 6.879,
        "p": 0.0,
        "ci_95": [
          3.870763,
          6.955304
        ]
      },
      "exercise": {
        "beta": -1.337069,
        "se": 0.95666,
        "t": -1.3976,
        "p": 0.16222033,
        "ci_95": [
          -3.212087,
          0.53795
        ]
      },
      "sleep_hours": {
        "beta": -0.138421,
        "se": 0.085824,
        "t": -1.6129,
        "p": 0.10677579,
        "ci_95": [
          -0.306632,
          0.02979
        ]
      },
      "ex_x_sleephrs": {
        "beta": 0.066074,
        "se": 0.123179,
        "t": 0.5364,
        "p": 0.59167373,
        "ci_95": [
          -0.175351,
          0.3075
        ]
      },
      "age": {
        "beta": -0.007914,
        "se": 0.004615,
        "t": -1.7149,
        "p": 0.08636221,
        "ci_95": [
          -0.016958,
          0.001131
        ]
      },
      "female": {
        "beta": 0.902003,
        "se": 0.163992,
        "t": 5.5003,
        "p": 4e-08,
        "ci_95": [
          0.580585,
          1.223421
        ]
      },
      "education": {
        "beta": -0.111988,
        "se": 0.088793,
        "t": -1.2612,
        "p": 0.20722863,
        "ci_95": [
          -0.286018,
          0.062043
        ]
      },
      "poverty_ratio": {
        "beta": -0.396595,
        "se": 0.058108,
        "t": -6.8251,
        "p": 0.0,
        "ci_95": [
          -0.510484,
          -0.282705
        ]
      },
      "bmi": {
        "beta": 0.026369,
        "se": 0.011494,
        "t": 2.2941,
        "p": 0.02178522,
        "ci_95": [
          0.003841,
          0.048898
        ]
      }
    }
  },
  "sleep_trouble_model": {
    "n": 4179,
    "exercise_beta": -0.655224,
    "exercise_p": 0.00021552,
    "sleep_trouble_beta": 3.322805,
    "sleep_trouble_p": 0.0,
    "interaction_beta": -0.870523,
    "interaction_p": 0.02561455,
    "r_squared": 0.179,
    "coefficients": {
      "const": {
        "beta": 4.814433,
        "se": 0.527848,
        "t": 9.1209,
        "p": 0.0,
        "ci_95": [
          3.77987,
          5.848996
        ]
      },
      "exercise": {
        "beta": -0.655224,
        "se": 0.177083,
        "t": -3.7001,
        "p": 0.00021552,
        "ci_95": [
          -1.0023,
          -0.308148
        ]
      },
      "sleep_trouble": {
        "beta": 3.322805,
        "se": 0.291972,
        "t": 11.3806,
        "p": 0.0,
        "ci_95": [
          2.75055,
          3.89506
        ]
      },
      "ex_x_trouble": {
        "beta": -0.870523,
        "se": 0.390018,
        "t": -2.232,
        "p": 0.02561455,
        "ci_95": [
          -1.634945,
          -0.106101
        ]
      },
      "age": {
        "beta": -0.020126,
        "se": 0.004521,
        "t": -4.4521,
        "p": 8.5e-06,
        "ci_95": [
          -0.028986,
          -0.011266
        ]
      },
      "female": {
        "beta": 0.694652,
        "se": 0.157044,
        "t": 4.4233,
        "p": 9.72e-06,
        "ci_95": [
          0.386852,
          1.002452
        ]
      },
      "education": {
        "beta": -0.13171,
        "se": 0.084626,
        "t": -1.5564,
        "p": 0.11961616,
        "ci_95": [
          -0.297574,
          0.034153
        ]
      },
      "poverty_ratio": {
        "beta": -0.380805,
        "se": 0.05461,
        "t": -6.9732,
        "p": 0.0,
        "ci_95": [
          -0.487838,
          -0.273772
        ]
      },
      "bmi": {
        "beta": 0.002147,
        "se": 0.010867,
        "t": 0.1976,
        "p": 0.84336034,
        "ci_95": [
          -0.019152,
          0.023447
        ]
      }
    }
  },
  "daytime_sleepiness_model": {
    "n": 4181,
    "exercise_beta": -0.431666,
    "exercise_p": 0.13538122,
    "daytime_sleepy_beta": 1.271085,
    "daytime_sleepy_p": 0.0,
    "interaction_beta": -0.148792,
    "interaction_p": 0.30285093,
    "r_squared": 0.1791,
    "coefficients": {
      "const": {
        "beta": 2.525226,
        "se": 0.526563,
        "t": 4.7957,
        "p": 1.62e-06,
        "ci_95": [
          1.493182,
          3.557271
        ]
      },
      "exercise": {
        "beta": -0.431666,
        "se": 0.289085,
        "t": -1.4932,
        "p": 0.13538122,
        "ci_95": [
          -0.998261,
          0.13493
        ]
      },
      "daytime_sleepy": {
        "beta": 1.271085,
        "se": 0.103999,
        "t": 12.2221,
        "p": 0.0,
        "ci_95": [
          1.067251,
          1.47492
        ]
      },
      "ex_x_sleepy": {
        "beta": -0.148792,
        "se": 0.144411,
        "t": -1.0303,
        "p": 0.30285093,
        "ci_95": [
          -0.431832,
          0.134248
        ]
      },
      "age": {
        "beta": -0.002786,
        "se": 0.004361,
        "t": -0.6388,
        "p": 0.52295633,
        "ci_95": [
          -0.011333,
          0.005762
        ]
      },
      "female": {
        "beta": 0.72122,
        "se": 0.155212,
        "t": 4.6467,
        "p": 3.37e-06,
        "ci_95": [
          0.417011,
          1.025429
        ]
      },
      "education": {
        "beta": -0.161348,
        "se": 0.084085,
        "t": -1.9189,
        "p": 0.05500125,
        "ci_95": [
          -0.326152,
          0.003456
        ]
      },
      "poverty_ratio": {
        "beta": -0.354052,
        "se": 0.056035,
        "t": -6.3184,
        "p": 0.0,
        "ci_95": [
          -0.463878,
          -0.244225
        ]
      },
      "bmi": {
        "beta": 0.002527,
        "se": 0.010807,
        "t": 0.2338,
        "p": 0.81513003,
        "ci_95": [
          -0.018655,
          0.023708
        ]
      }
    }
  },
  "mediation_test": "Adding sleep hours changes exercise beta by +4.2% (from -0.8755 to -0.8384). Less than 20% change suggests no substantial mediation by sleep.",
  "additive_preserved": false,