{
  "study": "MSI Algorithm Change Natural Experiment",
  "event_date": "2018-01-11",
  "internet_attitudes": {
    "good_2014": 76,
    "good_2018": 70,
    "bad_2014": 15,
    "bad_2018": 25
  },
  "facebook_stickiness": {
    "pre_msi_mean": 0.6451022094846959,
    "post_msi_mean": 0.6672473958814004,
    "welch_t": -2.3382306535038313,
    "welch_p": 0.05263694364263964
  },
  "reuters_trust": {
    "pre_msi_slope_pp_yr": -4.0,
    "post_msi_slope_pp_yr": -0.42857142857142855,
    "rss_full": 31.81818181818128,
    "rss_split": 5.238095238095498,
    "rss_reduction_pct": 83.5374149659853
  },
  "facebook_adoption": {
    "pre_msi_growth_pp_yr": 3.3000000000000003,
    "post_msi_growth_pp_yr": -0.1923076923076923
  },
  "data_note": "Uses published aggregate data. For individual-level DiD analysis, download Pew ATP Waves 25, 28, 51 from pewresearch.org (free, requires registration)."
}